VLOAD,I(R1),V(illu)
0.1,0.00417588015963506,100
0.2,0.00416258477581061,100
0.3,0.00414928937699377,100
0.4,0.00413599395512915,100
0.5,0.00412269849783353,100
0.6,0.00410940298606988,100
0.7,0.00409610739057292,100
0.8,0.0040828116663536,100
0.9,0.00406951574424996,100
1,0.00405621951794,100
1.1,0.00404292282397611,100
1.2,0.00402962541109042,100
1.3,0.0040163268930119,100
1.4,0.00400302667592745,100
1.5,0.00398972384697349,100
1.6,0.00397641700281093,100
1.7,0.00396310398609723,100
1.8,0.00394978148036662,100
1.9,0.00393644438724494,100
2,0.00392308486905057,100
2.1,0.00390969087700332,100
2.2,0.00389624388867449,100
2.3,0.00388271542984842,100
2.4,0.00386906172775747,100
2.5,0.00385521549188073,100
2.6,0.00384107327946492,100
2.7,0.00382647607458808,100
2.8,0.00381117943715181,100
2.9,0.00379480762413231,100
3,0.00377678308650031,100
3.1,0.00375621814676252,100
3.2,0.0037317486207038,100
3.3,0.003701278387922,100
3.4,0.0036615875306607,100
3.5,0.00360773183595331,100
3.6,0.00353212414879378,100
3.7,0.00342313271407901,100
3.8,0.00326295121953679,100
3.9,0.0030243823908922,100
4,0.0026660280893287,100
4.1,0.0021252050387548,100
4.2,0.00130775774750314,100
4.3,9.99999999999959E-05,100
4.4,0.0001,100
4.5,0.0001,100
4.6,0.0001,100
4.625,0.0001,100
4.65,0.0001,100
4.675,0.0001,100
4.7,0.0001,100
4.725,0.0001,100
4.75,0.0001,100
4.775,0.0001,100
4.8,0.0001,100
4.825,0.0001,100
4.85,0.0001,100
4.875,0.0001,100
4.9,0.0001,100
4.925,0.0001,100
4.95,0.0001,100
4.975,0.0001,100
5,0.0001,100
0.1,0.00836505569282757,200
0.2,0.00835176030824902,200
0.3,0.00833846490827286,200
0.4,0.00832516948462614,200
0.5,0.00831187402459077,200
0.6,0.00829857850861549,200
0.7,0.00828528290664393,200
0.8,0.00827198717247113,200
0.9,0.00825869123506628,200
1,0.0082453949852338,200
1.1,0.00823209825510885,200
1.2,0.00821880078663306,200
1.3,0.00820550218309601,200
1.4,0.0081922018346372,200
1.5,0.00817889880372213,200
1.6,0.00816559164908592,200
1.7,0.00815227815508357,200
1.8,0.00813895491562078,200
1.9,0.00812561669453893,200
2,0.0081122554423414,200
2.1,0.00809885878462735,200
2.2,0.00808540769840072,200
2.3,0.00807187293993561,200
2.4,0.00805820955352621,200
2.5,0.00804434843018709,200
2.6,0.00803018333178818,200
2.7,0.00801555094542006,200
2.8,0.00800020022601955,200
2.9,0.00798374527860934,200
3,0.00796559295191157,200
3.1,0.00794483159331838,200
3.2,0.00792006018572433,200
3.3,0.00788912604219805,200
3.4,0.00784872241881107,200
3.5,0.00779377193942077,200
3.6,0.00771648347831366,200
3.7,0.00760491345880165,200
3.8,0.00744078029367134,200
3.9,0.0071961656256101,200
4,0.00682858500970074,200
4.1,0.00627373638052209,200
4.2,0.00543509207583481,200
4.3,0.0041695393593244,200
4.4,0.00226882375235915,200
4.5,0.000100000000000003,200
4.6,0.0001,200
4.625,0.0001,200
4.65,0.0001,200
4.675,0.0001,200
4.7,0.0001,200
4.725,0.0001,200
4.75,0.0001,200
4.775,0.0001,200
4.8,0.0001,200
4.825,0.0001,200
4.85,0.0001,200
4.875,0.0001,200
4.9,0.0001,200
4.925,0.0001,200
4.95,0.0001,200
4.975,0.0001,200
5,0.0001,200
0.1,0.0125542312259821,300
0.2,0.0125409358406291,300
0.3,0.0125276404394624,300
0.4,0.0125143450139854,300
0.5,0.0125010495511362,300
0.6,0.0124877540308355,300
0.7,0.0124744584222143,300
0.8,0.0124611626778192,300
0.9,0.0124478667246992,300
1,0.0124345704507086,300
1.1,0.0124212736834453,300
1.2,0.0124079761578769,300
1.3,0.0123946774665721,300
1.4,0.0123813769831882,300
1.5,0.0123680737448542,300
1.6,0.0123547662713539,300
1.7,0.0123414522871641,300
1.8,0.0123281282941397,300
1.9,0.0123147889146138,300
2,0.0123014258815508,300
2.1,0.0122880264861305,300
2.2,0.0122745711912604,300
2.3,0.0122610299629087,300
2.4,0.0122473566304646,300
2.5,0.0122334802173378,300
2.6,0.0122192916144872,300
2.7,0.0122046230959139,300
2.8,0.0121892168331494,300
2.9,0.0121726765050458,300
3,0.0121543929367629,300
3.1,0.0121334298534426,300
3.2,0.012108348411568,300
3.3,0.0120769378334251,300
3.4,0.0120358022129743,300
3.5,0.0119797274370326,300
3.6,0.0119007129554647,300
3.7,0.0117864950807807,300
3.8,0.01161830442939,300
3.9,0.0113674828268526,300
4,0.0109904319092964,300
4.1,0.0104211910718348,300
4.2,0.00956080538563775,300
4.3,0.00826270301596743,300
4.4,0.00631389909048209,300
4.5,0.00341357300602585,300
4.6,9.9999999999989E-05,300
4.625,0.0001,300
4.65,0.0001,300
4.675,0.0001,300
4.7,0.0001,300
4.725,0.0001,300
4.75,0.0001,300
4.775,0.0001,300
4.8,0.0001,300
4.825,0.0001,300
4.85,0.0001,300
4.875,0.0001,300
4.9,0.0001,300
4.925,0.0001,300
4.95,0.0001,300
4.975,0.0001,300
5,0.0001,300
0.1,0.0167434067590978,400
0.2,0.0167301113729493,400
0.3,0.0167168159705598,400
0.4,0.016703520543203,400
0.5,0.0166902250774642,400
0.6,0.0166769295527209,400
0.7,0.0166636339372704,400
0.8,0.0166503381823766,400
0.9,0.0166370422131173,400
1,0.0166237459143154,400
1.1,0.01661044910891,400
1.2,0.0165971515247064,400
1.3,0.0165838527432616,400
1.4,0.0165705521213063,400
1.5,0.0165572486699475,400
1.6,0.0165439408689656,400
1.7,0.0165306263813407,400
1.8,0.01651730161439,400
1.9,0.0165039610451132,400
2,0.0164905961830561,400
2.1,0.0164771939759427,400
2.2,0.0164637343586898,400
2.3,0.0164501864856039,400
2.4,0.0164365029383362,400
2.5,0.0164226108222247,400
2.6,0.0164083980797416,400
2.7,0.0163936924525592,400
2.8,0.0163782291455454,400
2.9,0.0163616011297643,400
3,0.0163431827741247,400
3.1,0.0163220125169454,400
3.2,0.0162966126680262,400
3.3,0.0162647127936713,400
3.4,0.0162228254272359,400
3.5,0.016165596049408,400
3.6,0.0160848090877246,400
3.7,0.0159678722381464,400
3.8,0.0157955154783505,400
3.9,0.0155383216168383,400
4,0.0151515501044162,400
4.1,0.0145675411813055,400
4.2,0.0136848565262664,400
4.3,0.0123533925130363,400
4.4,0.0103553499591142,400
4.5,0.00738376871240698,400
4.6,0.00302401777547567,400
4.625,0.00165769909183933,400
4.65,0.000162869268144128,400
4.675,9.99999999999994E-05,400
4.7,0.0001,400
4.725,0.0001,400
4.75,0.0001,400
4.775,0.0001,400
4.8,0.0001,400
4.825,0.0001,400
4.85,0.0001,400
4.875,0.0001,400
4.9,0.0001,400
4.925,0.0001,400
4.95,0.0001,400
4.975,0.0001,400
5,0.0001,400
0.1,0.0209325822921734,500
0.2,0.020919286905208,500
0.3,0.0209059915015627,500
0.4,0.0208926960722753,500
0.5,0.0208794006035686,500
0.6,0.0208661050742628,500
0.7,0.0208528094517985,500
0.8,0.0208395136861224,500
0.9,0.0208262177002875,500
1,0.0208129213760038,500
1.1,0.0207996245314256,500
1.2,0.0207863268870019,500
1.3,0.0207730280129813,500
1.4,0.0207597272487096,500
1.5,0.0207464235785688,500
1.6,0.0207331154412549,500
1.7,0.0207198004365898,500
1.8,0.0207064748747967,500
1.9,0.0206931330836155,500
2,0.0206797663431357,500
2.1,0.0206663612483424,500
2.2,0.0206528971918944,500
2.3,0.0206393424945006,500
2.4,0.0206256484563572,500
2.5,0.0206117402128985,500
2.6,0.0205975026784369,500
2.7,0.0205827589398588,500
2.8,0.0205672370471597,500
2.9,0.020550518974392,500
3,0.0205319621898603,500
3.1,0.0205105791625662,500
3.2,0.0204848523078893,500
3.3,0.0204524499289134,500
3.4,0.0204097905356884,500
3.5,0.0203513754359541,500
3.6,0.0202687682891014,500
3.7,0.0201490394468187,500
3.8,0.0199724050770271,500
3.9,0.019708669294983,500
4,0.0193119204334509,500
4.1,0.0187127580843205,500
4.2,0.0178072033729202,500
4.3,0.0164415472385042,500
4.4,0.0143930920139437,500
4.5,0.0113486633588598,500
4.6,0.0068865793501387,500
4.625,0.00548926159314123,500
4.65,0.00396108132244999,500
4.675,0.00229237290474771,500
4.7,0.000473219529369295,500
4.725,0.000100000000000003,500
4.75,0.0001,500
4.775,0.0001,500
4.8,0.0001,500
4.825,0.0001,500
4.85,0.0001,500
4.875,0.0001,500
4.9,0.0001,500
4.925,0.0001,500
4.95,0.0001,500
4.975,0.0001,500
5,0.0001,500
0.1,0.0251217578252079,600
0.2,0.0251084624374036,600
0.3,0.0250951670324684,600
0.4,0.0250818716011983,600
0.5,0.0250685761294435,600
0.6,0.025055280595452,600
0.7,0.0250419849657841,600
0.8,0.0250286891890343,600
0.9,0.0250153931861757,600
1,0.0250020968357219,600
1.1,0.0249887999509122,600
1.2,0.0249755022446408,600
1.3,0.0249622032755424,600
1.4,0.0249489023651084,600
1.5,0.0249355984702728,600
1.6,0.0249222899875379,600
1.7,0.0249089744518591,600
1.8,0.0248956480737428,600
1.9,0.0248823050276348,600
2,0.0248689363579679,600
2.1,0.0248555282974545,600
2.2,0.0248420596818419,600
2.3,0.0248284979757134,600
2.4,0.0248147931631815,600
2.5,0.0248008683565444,600
2.6,0.024786605360132,600
2.7,0.0247718224802762,600
2.8,0.0247562404188084,600
2.9,0.0247394298557417,600
3,0.02472073090243,600
3.1,0.0246991293576699,600
3.2,0.0246730666664892,600
3.3,0.024640148218344,600
3.4,0.0245966959713617,600
3.5,0.0245370631932342,600
3.6,0.0244525868776551,600
3.7,0.0243299910767703,600
3.8,0.0241489646411686,600
3.9,0.0238785128297958,600
4,0.0234715232454006,600
4.1,0.0228568124475057,600
4.2,0.0219278028072676,600
4.3,0.0205271052571039,600
4.4,0.0184270392871144,600
4.5,0.015308143446858,600
4.6,0.010741666502796,600
4.625,0.00931277391838314,600
4.65,0.00775064820340265,600
4.675,0.00604555531785594,600
4.7,0.00418752685997559,600
4.725,0.00216643481119227,600
4.75,9.9999999999989E-05,600
4.775,0.0001,600
4.8,0.0001,600
4.825,0.0001,600
4.85,0.0001,600
4.875,0.0001,600
4.9,0.0001,600
4.925,0.0001,600
4.95,0.0001,600
4.975,0.0001,600
5,0.0001,600
0.1,0.0293109333582003,700
0.2,0.0292976379695342,700
0.3,0.0292843425632745,700
0.4,0.029271047129968,700
0.5,0.0292577516550828,700
0.6,0.0292444561162788,700
0.7,0.029231160479213,700
0.8,0.0292178646910899,700
0.9,0.0292045686707476,700
1,0.029191272293416,700
1.1,0.0291779753672878,700
1.2,0.0291646775974975,700
1.3,0.0291513785307517,700
1.4,0.0291380774702049,700
1.5,0.0291247733446029,700
1.6,0.0291114645071113,700
1.7,0.0290981484260682,700
1.8,0.0290848212095676,700
1.9,0.0290714768746181,700
2,0.0290581062236273,700
2.1,0.0290446951172447,700
2.2,0.0290312218192557,700
2.3,0.0290176529149826,700
2.4,0.029003937036888,700
2.5,0.0289899952194643,700
2.6,0.0289757060730238,700
2.7,0.0289608829941794,700
2.8,0.0289452391380887,700
2.9,0.0289283335856769,700
3,0.0289094886226904,700
3.1,0.0288876626579451,700
3.2,0.0288612550612264,700
3.3,0.02882780661364,700
3.4,0.0287835401251191,700
3.5,0.0287226568532888,700
3.6,0.0286362610729571,700
3.7,0.0285107213482103,700
3.8,0.0283251853601207,700
3.9,0.0280478388505974,700
4,0.0276303383881458,700
4.1,0.0269996742129246,700
4.2,0.0260466106978812,700
4.3,0.0246100032896806,700
4.4,0.0224571041726751,700
4.5,0.0192620937483099,700
4.6,0.0145891383904178,700
4.625,0.0131280901414095,700
4.65,0.0115314197622602,700
4.675,0.00978932871488247,700
4.7,0.00789180160829606,700
4.725,0.00582868365159106,700
4.75,0.00358976847419035,700
4.775,0.00116489503396178,700
4.8,0.000100000000000017,700
4.825,0.0001,700
4.85,0.0001,700
4.875,0.0001,700
4.9,0.0001,700
4.925,0.0001,700
4.95,0.0001,700
4.975,0.0001,700
5,0.0001,700
0.1,0.0335001088911492,800
0.2,0.0334868135015983,800
0.3,0.0334735180939781,800
0.4,0.0334602226585802,800
0.5,0.0334469271804799,800
0.6,0.0334336316367335,800
0.7,0.0334203359920697,800
0.8,0.0334070401922663,800
0.9,0.0333937441539677,800
1,0.0333804477490324,800
1.1,0.0333671507804686,800
1.2,0.0333538529454425,800
1.3,0.0333405537784105,800
1.4,0.0333272525636944,800
1.5,0.0333139482010887,800
1.6,0.0333006389992536,800
1.7,0.0332873223581069,800
1.8,0.0332739942805644,800
1.9,0.0332606486219422,800
2,0.0332472759360813,800
2.1,0.0332338617015153,800
2.2,0.0332203835946081,800
2.3,0.0332068072976612,800
2.4,0.0331930800549616,800
2.5,0.0331791207670469,800
2.6,0.0331648047639075,800
2.7,0.0331499403997855,800
2.8,0.0331342330792896,800
2.9,0.0331172299709794,800
3,0.0330982350536919,800
3.1,0.0330761786070886,800
3.2,0.0330494167910884,800
3.3,0.0330154240382332,800
3.4,0.0329703213445325,800
3.5,0.0329081538819196,800
3.6,0.0328197869934876,800
3.7,0.0326912243276682,800
3.8,0.0325010581910066,800
3.9,0.032216633639051,800
4,0.0317883451964915,800
4.1,0.0311413125820352,800
4.2,0.0301635818805006,800
4.3,0.0286901766926588,800
4.4,0.0264831974127859,800
4.5,0.0232103973119164,800
4.6,0.0184288528383503,800
4.625,0.0169350632016161,800
4.65,0.0153032449563657,800
4.675,0.0135235391489186,800
4.7,0.0115858881681916,800
4.725,0.0094801158604767,800
4.75,0.00719601774410616,800
4.775,0.00472345991139989,800
4.8,0.00205248467386854,800
4.825,9.9999999999989E-05,800
4.85,0.0001,800
4.875,0.0001,800
4.9,0.0001,800
4.925,0.0001,800
4.95,0.0001,800
4.975,0.0001,800
5,0.0001,800
0.1,0.0376892844240537,900
0.2,0.0376759890335939,900
0.3,0.0376626936245765,900
0.4,0.0376493981870307,900
0.5,0.0376361027056286,900
0.6,0.037622807156806,900
0.7,0.0376095115043387,900
0.8,0.0375962156925392,900
0.9,0.0375829196357993,900
1,0.0375696232025139,900
1.1,0.0375563261903679,900
1.2,0.0375430282883434,900
1.3,0.0375297290183146,900
1.4,0.0375164276452626,900
1.5,0.0375031230392482,900
1.6,0.0374898134632227,900
1.7,0.0374764962468364,900
1.8,0.0374631672849819,900
1.9,0.0374498202669142,900
2,0.0374364454911906,900
2.1,0.0374230280439007,900
2.2,0.0374095449981153,900
2.3,0.0373959611087087,900
2.4,0.037382222194279,900
2.5,0.0373682449637471,900
2.6,0.037353901378143,900
2.7,0.0373389946131004,900
2.8,0.0373232221133057,900
2.9,0.03730611881321,900
3,0.0372869698904639,900
3.1,0.0372646767364779,900
3.2,0.0372375511361556,900
3.3,0.0372029993865448,900
3.4,0.0371570379327184,900
3.5,0.0370935516769184,900
3.6,0.0370031606539563,900
3.7,0.036871493923972,900
3.8,0.0366765738527639,900
3.9,0.0363848831204949,900
4,0.0359455224799592,900
4.1,0.035281695999366,900
4.2,0.0342786701381055,900
4.3,0.0327675594376484,900
4.4,0.0305052280847202,900
4.5,0.0271529354713134,900
4.6,0.0222606663852165,900
4.625,0.0207335449595751,900
4.65,0.0190659719154942,900
4.675,0.0172480321391357,900
4.7,0.0152696307328224,900
4.725,0.0131205757375539,900
4.75,0.0107906706551679,900
4.775,0.00826981522433234,900
4.8,0.00554811237889297,900
4.825,0.00261597884040077,900
4.85,0.000100000000000044,900
4.875,0.0001,900
4.9,0.0001,900
4.925,0.0001,900
4.95,0.0001,900
4.975,0.0001,900
5,0.0001,900
0.1,0.0418784599569125,1000
0.2,0.0418651645655192,1000
0.3,0.0418518691550669,1000
0.4,0.0418385737153152,1000
0.5,0.0418252782305218,1000
0.6,0.0418119826764861,1000
0.7,0.0417986870160046,1000
0.8,0.0417853911918848,1000
0.9,0.0417720951162049,1000
1,0.0417587986538034,1000
1.1,0.0417455015968974,1000
1.2,0.0417322036260637,1000
1.3,0.0417189042502548,1000
1.4,0.0417056027145879,1000
1.5,0.0416922978585867,1000
1.6,0.041678987898258,1000
1.7,0.0416656700910858,1000
1.8,0.0416523402210205,1000
1.9,0.0416389918067681,1000
2,0.0416256148847032,1000
2.1,0.041612194137866,1000
2.2,0.0415987060197276,1000
2.3,0.041585114332676,1000
2.4,0.0415713634310928,1000
2.5,0.0415573677730583,1000
2.6,0.0415429958596116,1000
2.7,0.0415280455478624,1000
2.8,0.0415122061075412,1000
2.9,0.0414949999085732,1000
3,0.0414756928198026,1000
3.1,0.0414531565648439,1000
3.2,0.0414256573570886,1000
3.3,0.0413905315232093,1000
3.4,0.0413436881471521,1000
3.5,0.0412788475662627,1000
3.6,0.0411863779625627,1000
3.7,0.0410515238841347,1000
3.8,0.0408517228200527,1000
3.9,0.0405525728550846,1000
4,0.0401018485103415,1000
4.1,0.0394207921359602,1000
4.2,0.0383918281808557,1000
4.3,0.0368420840912243,1000
4.4,0.0345231035887239,1000
4.5,0.0310895878550785,1000
4.6,0.026084434330448,1000
4.625,0.0245233862553085,1000
4.65,0.0228194480108157,1000
4.675,0.0209626527499145,1000
4.7,0.0189428733829144,1000
4.725,0.016749907845655,1000
4.75,0.0143735738340052,1000
4.775,0.0118038113262103,1000
4.8,0.00903079069717005,1000
4.825,0.00604502377067595,1000
4.85,0.0028374747989024,1000
4.875,9.9999999999989E-05,1000
4.9,0.0001,1000
4.925,0.0001,1000
4.95,0.0001,1000
4.975,0.0001,1000
5,0.0001,1000
