Designator,Val,Package,Mid X,Mid Y,Rotation,Layer
C5,10uF,C_0805_2012Metric,136.905188,-107.6577,0,bottom
C6,1uF,C_0603_1608Metric,136.654972,-101.544976,0,bottom
C11,100nF,C_0603_1608Metric,140.6906,-109.3978,0,bottom
C12,1uF,C_0603_1608Metric,140.462,-103.5304,0,bottom
C13,100nF,C_0603_1608Metric,125.225,-95.275,0,bottom
C14,100nF,C_0603_1608Metric,120.4468,-92.3036,90,bottom
C15,1uF,C_0603_1608Metric,126.238,-92.075,-90,bottom
C16,10uF,C_0805_2012Metric,115.9356,-107.988,-90,bottom
C17,10uF,C_0805_2012Metric,118.7356,-109.238,180,bottom
C18,100nF,C_0603_1608Metric,91.9734,-112.9538,90,bottom
C19,100nF,C_0603_1608Metric,150.2956,-102.146,90,bottom
C20,10uF,C_0805_2012Metric,152.2956,-101.946,90,bottom
C21,100nF,C_0603_1608Metric,146.6456,-108.396,180,bottom
C22,100nF,C_0603_1608Metric,146.6456,-106.546,180,bottom
C23,100nF,C_0603_1608Metric,229.8055,-113.0533,90,bottom
C24,100nF,C_0603_1608Metric,163.6,-102.2,90,bottom
C25,10uF,C_0805_2012Metric,165.6,-102,90,bottom
C26,100nF,C_0603_1608Metric,159.95,-108.45,180,bottom
C27,100nF,C_0603_1608Metric,159.95,-106.6,180,bottom
C28,10uF,C_0805_2012Metric,128.7452,-105.41,90,bottom
C29,10uF,C_0805_2012Metric,126.6952,-105.41,90,bottom
C30,100nF,C_0603_1608Metric,156.718,-97.1,90,bottom
C31,100nF,C_0603_1608Metric,91.9226,-106.7291,90,bottom
C32,47nF,C_0603_1608Metric,94.7674,-109.1297,180,bottom
C33,1nF,C_0603_1608Metric,167.7122,-94.8198,-90,bottom
C34,100nF,C_0603_1608Metric,106.3498,-105.651,-90,bottom
C35,100nF,C_0603_1608Metric,111.2012,-105.651,-90,bottom
C36,100nF,C_0603_1608Metric,104.8004,-105.651,-90,bottom
C37,100nF,C_0603_1608Metric,99.9744,-105.651,-90,bottom
C38,100nF,C_0603_1608Metric,104.8512,-108.953,90,bottom
C39,100nF,C_0603_1608Metric,99.9998,-108.9784,90,bottom
C40,100nF,C_0603_1608Metric,106.4006,-108.953,90,bottom
C41,100nF,C_0603_1608Metric,111.2266,-108.953,90,bottom
D1,NSR0520V2T1G,D_SOD-523,98.4504,-105.8542,90,bottom
H1,MountingHole,24929,121.95,-100.675,180,bottom
H2,MountingHole,24929,229.05,-93.175,180,bottom
J1,Conn_01x02_Socket,JST_PH_S2B-PH-K_1x02_P2.00mm_Horizontal,135.4212,-92.8276,-90,bottom
J2,Conn_01x04_Socket,Motor_Header,97.282,-97.028,180,bottom
J3,Conn_01x04_Socket,Motor_Header,222.1992,-100.6746,0,bottom
J4,Conn_01x02_Socket,Batt_Header,87.8586,-107.6796,180,bottom
J5,Conn_01x07_Pin,PinHeader_1x07_P2.54mm_Horizontal,116.915,-100.775,90,bottom
J7,Conn_01x04_Socket,Molex_PicoBlade_53261-0471_1x04-1MP_P1.25mm_Horizontal,90.0256,-97.4144,-90,bottom
J8,Conn_01x04_Socket,Molex_PicoBlade_53261-0471_1x04-1MP_P1.25mm_Horizontal,231.4,-102.875,90,bottom
L2,2.2uH,L_Murata_DFE201610P,121.0356,-106.788,-90,bottom
Q1,DMG3414U-7,SOT-23-3,129.6371,-95.6627,180,bottom
Q2,DMG3414U-7,SOT-23-3,131.3625,-99.15,180,bottom
Q5,DMG3414U-7,SOT-23-3,133.416,-106.5839,90,bottom
Q6,"SSM3J332R,LF",SOT-23-3,153.8025,-97.425,0,bottom
R1,50m,R_0603_1608Metric,140.5128,-98.9584,0,bottom
R2,0,R_0603_1608Metric,137.4394,-98.9584,0,bottom
R3,0,R_0603_1608Metric,132.334,-92.0496,90,bottom
R8,5.1,R_0603_1608Metric,139.7254,-101.2444,-90,bottom
R9,5.1,R_0603_1608Metric,141.2748,-101.2444,-90,bottom
R10,50m,R_0603_1608Metric,130.81,-92.0496,-90,bottom
R11,330,R_0603_1608Metric,125.225,-96.85,180,bottom
R12,2.2k,R_0603_1608Metric,122.85,-96.025,90,bottom
R13,5Meg,R_0603_1608Metric,132.4885,-95.8899,-90,bottom
R14,5Meg,R_0603_1608Metric,134.25,-98.95,-90,bottom
R15,5.1,R_0603_1608Metric,128.524,-91.313,180,bottom
R16,5.1,R_0603_1608Metric,128.524,-92.8116,180,bottom
R17,44.2k,R_0603_1608Metric,118.2356,-104.988,0,bottom
R18,10K,R_0603_1608Metric,93.599,-112.9538,90,bottom
R19,5.1,R_0603_1608Metric,154.2956,-102.146,90,bottom
R20,5.1,R_0603_1608Metric,148.4956,-102.146,90,bottom
R21,1Meg,R_0603_1608Metric,145.0874,-100.0988,180,bottom
R22,1Meg,R_0603_1608Metric,145.0774,-103.1688,180,bottom
R23,1Meg,R_0603_1608Metric,145.0774,-101.6388,180,bottom
R24,10K,R_0603_1608Metric,228.2307,-113.0533,90,bottom
R25,5.1,R_0603_1608Metric,167.6,-102.2,90,bottom
R26,5.1,R_0603_1608Metric,161.8,-102.2,90,bottom
R27,1Meg,R_0603_1608Metric,157.92,-103.07,180,bottom
R28,1Meg,R_0603_1608Metric,157.91,-99.96,180,bottom
R29,1Meg,R_0603_1608Metric,157.92,-101.52,180,bottom
R30,5.1k,R_0603_1608Metric,167.7142,-91.7972,-90,bottom
R31,5.1k,R_0603_1608Metric,169.2402,-91.7956,-90,bottom
R32,5.1,R_0603_1608Metric,127.508,-109.1438,90,bottom
R33,1Meg,R_0603_1608Metric,150.9014,-97.2742,-90,bottom
R34,1Meg,R_0603_1608Metric,148.4,-92.7132,0,bottom
R35,1Meg,R_0603_1608Metric,148.4,-94.3,0,bottom
R36,5.1k,R_0603_1608Metric,90.3224,-106.7037,90,bottom
R37,5.1k,R_0603_1608Metric,169.2382,-94.8198,-90,bottom
R38,470,R_0603_1608Metric,112.7506,-105.651,90,bottom
R41,10K,R_0603_1608Metric,153.6956,-110.246,180,bottom
R42,10K,R_0603_1608Metric,167.02,-110.22,180,bottom
R43,10K,R_0603_1608Metric,155.8156,-107.136,180,bottom
R44,10K,R_0603_1608Metric,169.11,-107.23,180,bottom
R45,10K,R_0603_1608Metric,155.7356,-105.556,180,bottom
R46,10K,R_0603_1608Metric,169.09,-105.63,180,bottom
R47,10K,R_0603_1608Metric,133.6294,-109.4367,0,bottom
SW2,SW_SP3T,CS-4-13NTA,154,-93.05,90,bottom
U1,MAX40200AUK,SOT-23-5,136.8806,-104.4393,-90,bottom
U2,INA236,SOT-23-8,140.4598,-106.5506,-90,bottom
U3,BQ29737,WSON-6_1.5x1.5mm_P0.5mm,126.85,-99.325,0,bottom
U4,INA236,SOT-23-8,123.3479,-92.161,180,bottom
U5,TPS62843,SOT-563,118.3856,-106.988,0,bottom
U6,TMAG5328,SOT-23-6,89.0462,-112.7262,180,bottom
U7,TMC2300-LA-T,QFN-20-1EP_3x3mm_P0.4mm_EP1.65x1.65mm,151.0956,-106.526,180,bottom
U8,TMAG5328,SOT-23-6,232.6949,-112.837,180,bottom
U9,TMC2300-LA-T,QFN-20-1EP_3x3mm_P0.4mm_EP1.65x1.65mm,164.4,-106.58,180,bottom
U10,ATtiny3226-X,SSOP-20_5.3x7.2mm_P0.65mm,162.2,-94.15,0,bottom
U11,AT42QT1010-TSHR,SOT-23-6,94.869,-106.5643,180,bottom
U12,SN74AUP1T34DCK,SOT-353_SC-70-5,108.7628,-105.7393,180,bottom
U13,SN74AUP1T34DCK,SOT-353_SC-70-5,102.3874,-105.7272,180,bottom
U14,SN74AUP1T34DCK,SOT-353_SC-70-5,102.4382,-108.8901,0,bottom
U15,SN74AUP1T34DCK,SOT-353_SC-70-5,108.8086,-108.8516,0,bottom
